Orlando, FL
New York City, NY
Los Angeles, CA
Chicago, IL
Houston, TX
Phoenix, AZ
Philadelphia, PA
San Antonio, TX
Dallas, TX
San Diego, CA
San Jose, CA
Detroit, MI
San Francisco, CA
Jacksonville, FL
Indianapoli, IN
Austin, TX
Columbus, OH
Fort Worth, TX
Charlotte, NC
Memphis, TN
Baltimore, MD
El Paso, TX
Boston, MA
Milwaukee, WI
Denver, CO
Seattle, WA
Nashvill, TN
Washington, DC
Las Vegas, NV
Portland, OR
Louisvill, KY
Oklahoma City, OK
Tucson, AZ
Atlanta, GA
Albuquerque, NM
Fresno, CA
Sacramento, CA
Long Beach, CA
Mesa, AZ
Kansas City, MO
Omaha, NE
Cleveland, OH
Virginia Beach, VA
Miami, FL
Oakland, CA
Raleigh, NC
Tulsa, OK
Minneapolis, MN
Colorado Springs, CO
Honolul, HI
Arlington, TX
Wichita, KS
St. Louis, MO
Tampa, FL
Santa Ana, CA
Anaheim, CA
Cincinnati, OH
Bakersfield, CA
Aurora, CO
New Orleans, LA
Pittsburgh, PA
Riverside, CA
Toledo, OH
Stockton, CA
Corpus Christi, TX
Lexingto, KY
St. Paul, MN
Anchorag, AK
Newark, NJ
Buffalo, NY
Plano, TX
Henderson, NV
Lincoln, NE
Fort Wayne, IN
Glendale, AZ
Greensboro, NC
Chandler, AZ
St. Petersburg, FL
Jersey City, NJ
Scottsdale, AZ
Norfolk, VA
Madison, WI
Birmingham, AL
Baton Rouge, LA
Durham, NC
Laredo, TX
Lubbock, TX
Chesapeake, VA
Chula Vista, CA
Garland, TX
Winston-Salem, NC
North Las Vegas, NV
Reno, NV
Gilber, AZ
Hialeah, FL
Arlingto, VA
Akron, OH
Irvine, CA
Rochester, NY
Boise City, ID
Modesto, CA
Fremont, CA
Montgomery, AL
Spokane, WA
Richmond, VA
Yonkers, NY
Irving, TX
Shreveport, LA
San Bernardino, CA
Tacoma, WA
Glendale, CA
Des Moines, IA
August, GA
Grand Rapids, MI
Huntington Beach, CA
Mobile, AL
Moreno Valley, CA
Little Rock, AR
Amarillo, TX
Columbus, GA
Oxnard, CA
Fontana, CA
Knoxville, TN
Fort Lauderdale, FL
Salt Lake City, UT
Newport News, VA
Huntsville, AL
Tempe, AZ
Brownsville, TX
Worcester, MA
Fayetteville, NC
Jackson, MS
Tallahassee, FL
Aurora, IL
Ontario, CA
Providence, RI
Overland Park, KS
Rancho Cucamonga, CA
Chattanooga, TN
Oceanside, CA
Santa Clarita, CA
Garden Grove, CA
Vancouver, WA
Grand Prairie, TX
Peoria, AZ
Rockford, IL
Cape Coral, FL
Springfield, MO
Santa Rosa, CA
Sioux Falls, SD
Port St. Lucie, FL
Dayton, OH
Salem, OR
Pomona, CA
Springfield, MA
Eugene, OR
Corona, CA
Pasadena, TX
Joliet, IL
Pembroke Pines, FL
Paterson, NJ
Hampton, VA
Lancaster, CA
Alexandria, VA
Salinas, CA
Palmdale, CA
Naperville, IL
Pasadena, CA
Kansas City, KS
Hayward, CA
Hollywood, FL
Lakewood, CO
Torrance, CA
Syracuse, NY
Escondido, CA
Fort Collins, CO
Bridgeport, CT
Orange, CA
Warren, MI
Elk Grove, CA
Savannah, GA
Mesquite, TX
Sunnyvale, CA
Fullerton, CA
McAllen, TX
Car, NC
Cedar Rapids, IA
Sterling Heights, MI
Columbia, SC
Coral Springs, FL
Carrollton, TX
Elizabeth, NJ
Hartford, CT
Waco, TX
Bellevue, WA
New Haven, CT
West Valley City, UT
Topeka, KS
Thousand Oaks, CA
El Monte, CA
McKinney, TX
Concord, CA
Visalia, CA
Simi Valley, CA
Olathe, KS
Clarksville, TN
Denton, TX
Stamford, CT
Provo, UT
Springfield, IL
Killeen, TX
Abilene, TX
Evansville, IN
Gainesville, FL
Vallejo, CA
Ann Arbor, MI
Peoria, IL
Lansing, MI
Lafayette, LA
Thornton, CO
Athen, GA
Flint, MI
Inglewood, CA
Roseville, CA
Charleston, SC
Beaumont, TX
Independence, MO
Victorville, CA
Santa Clara, CA
Costa Mesa, CA
Miami Gardens, FL
Manchester, NH
Miramar, FL
Downey, CA
Arvada, CO
Allentown, PA
Westminster, CO
Waterbury, CT
Norman, OK
Midland, TX
Elgin, IL
West Covina, CA
Clearwater, FL
Cambridge, MA
Pueblo, CO
West Jordan, UT
Round Rock, TX
Billings, MT
Erie, PA
South Bend, IN
Ventur, CA
Fairfield, CA
Lowell, MA
Norwalk, CA
Burbank, CA
Richmond, CA
Pompano Beach, FL
High Point, NC
Murfreesboro, TN
Lewisville, TX
Richardson, TX
Daly City, CA
Berkeley, CA
Gresham, OR
Wichita Falls, TX
Green Bay, WI
Davenport, IA
Palm Bay, FL
Columbia, MO
Portsmouth, VA
Rochester, MN
Antioch, CA
Wilmington, NC
Centennial, CO
Odessa, TX
West Palm Beach, FL
Rialto, CA
Everett, WA
Murrieta, CA
Tyler, TX
Temecula, CA
Kenosha, WI
Frisco, TX
Sandy, UT
South Gate, CA
Carlsbad, CA
Gary, IN
Mission Viejo, CA
North Charleston, SC
Boulder, CO
Compton, CA
Hillsboro, OR
Albany, NY
Fargo, ND
Lakeland, FL
Orem, UT
Brockton, MA
Roanoke, VA
Broken Arrow, OK
Surprise, AZ
Macon, GA
El Cajon, CA
Carson, CA
Quincy, MA
Clovis, CA
San Mateo, CA
Vacaville, CA
San Angelo, TX
Las Cruces, NM
Beaverton, OR
Greeley, CO
New Bedford, MA
Livonia, MI
Vista, CA
Fall River, MA
Waukegan, IL
Lawrence, KS
Davi, FL
Tuscaloosa, AL
Redding, CA
Lawton, OK
Yuma, AZ
Sunrise, FL
Westminster, CA
Sparks, NV
Santa Monica, CA
Roswell, GA
Lynn, MA
Nashua, NH
Dearborn, MI
Santa Maria, CA
Spokane Valley, WA
Santa Barbara, CA
Alhambra, CA
Longmont, CO
Hesperia, CA
Boca Raton, FL
Fort Smith, AR
Miami Beach, FL
Warwick, RI
Indio, CA
Citrus Heights, CA
Deltona, FL
Federal Way, WA
Hawthorne, CA
Duluth, MN
Lee's Summit, MO
College Station, TX
Yakima, WA
Kent, WA
Chico, CA
Plantation, FL
Norwalk, CT
Chino, CA
Pearland, TX
Trenton, NJ
Ogden, UT
Sioux City, IA
Sandy Springs, GA
Suffolk, VA
Whittier, CA
Racine, WI
Newton, MA
Avondale, AZ
Bloomington, MN
Allen, TX
Sugar Land, TX
Reading, PA
Cicer, IL
Nampa, ID
Troy, MI
Livermore, CA
Cranston, RI
Newport Beach, CA
Rio Rancho, NM
Greenville, NC
Edmond, OK
Champaign, IL
Camden, NJ
Buena Park, CA
Danbury, CT
Tracy, CA
San Marcos, CA
Westland, MI
Bellingham, WA
Farmington Hills, MI
Lakewood, CA
Canton, OH
Clifton, NJ
Parma, OH
San Leandro, CA
Evanston, IL
Baldwin Park, CA
Melbourne, FL
Longview, TX
Bend, OR
Merced, CA
O'Fallon, MO
Hammond, IN
Decatur, IL
Jacksonville, NC
St. Joseph, MO
Albany, GA
Somerville, MA
Lake Forest, CA
Southfield, MI
Missouri City, TX
Deerfield Beach, FL
Napa, CA
Asheville, NC
New Rochelle, NY
Redwood City, CA
Chino Hills, CA
Arlington Height, IL
Fayetteville, AR
Medford, OR
Bellflower, CA
Bloomington, IL
Youngstown, OH
Largo, FL
St. George, UT
Lynchburg, VA
Wilmington, DE
Gastonia, NC
Bryan, TX
Palm Coast, FL
Bethlehem, PA
Scranton, PA
Kalamazoo, MI
Union City, CA
Upland, CA
Santa Fe, NM
Bloomington, IN
Tustin, CA
Pawtucket, RI
Schaumbur, IL
Edinburg, TX
Plymouth, MN
Mountain View, CA
Brooklyn Park, MN
League City, TX
Lake Charles, LA
Hoover, AL
Hemet, CA
Bolingbroo, IL
Alameda, CA
New Britain, CT
Wyoming, MI
Baytown, TX
Appleton, WI
Lorain, OH
Apple Valle, CA
Gulfport, MS
Lynwood, CA
Lawrence, MA
Redlands, CA
Flower Moun, TX
Rochester Hills, MI
Fisher, IN
Mount Vernon, NY
Turlock, CA
Boynton Beach, FL
Missoula, MT
Springdale, AR
Waukesha, WI
Iowa City, IA
Folsom, CA
Marietta, GA
Milpitas, CA
Rock Hill, SC
Mission, TX
Palatin, IL
Lauderhill, FL
St. Cloud, MN
Kenner, LA
Meridian, ID
Passaic, NJ
Redondo Beach, CA
Pleasanton, CA
Carmel, IN
Waterloo, IA
Skoki, IL
Dothan, AL
Concord, NC
Pontiac, MI
Yorba Linda, CA
Loveland, CO
Layton, UT
Rapid City, SD
Mount Pleasan, SC
Eau Claire, WI
Fort Myers, FL
East Orange, NJ
Pharr, TX
North Richland Hills, TX
Manteca, CA
Muncie, IN
Harlingen, TX
Laguna Niguel, CA
St. Charles, MO
Daytona Beach, FL
Pittsburg, CA
Delray Beach, FL
Lafayette, IN
Eagan, MN
Jonesboro, AR
Oshkosh, WI
Weston, FL
Walnut Creek, CA
Camarillo, CA
Kennewick, WA
Jackson, TN
Pico Rivera, CA
Davis, CA
Portland, ME
Victoria, TX
Janesville, WI
South San Francisco, CA
Hamilton, OH
Bossier City, LA
Cedar Park, TX
Kissimmee, FL
Springfield, OH
Renton, WA
Rancho Cordova, CA
Union City, NJ
Johnson City, TN
Montebello, CA
Coon Rapids, MN
Maple Grove, MN
San Clemente, CA
Warner Robins, GA
Lodi, CA
Haverhill, MA
Monterey Park, CA
Yuba City, CA
Eden Prairie, MN
Schenectady, NY
Shawnee, KS
Bristol, CT
Huntington Park, CA
Rockville, MD
Taylor, MI
Bismarck, ND
Encinitas, CA
St. Clair Shores, MI
Waltham, MA
Flagstaff, AZ
Revere, MA
Terre Haute, IN
Greenville, SC
Temple, TX
Council Bluffs, IA
Goodyear, AZ
Johns Creek, GA
North Little Rock, AR
West Allis, WI
Palo Alto, CA
Tamarac, FL
Great Falls, MT
Frederick, MD
Tinley Par, IL
Meriden, CT
La Habra, CA
Burnsville, MN
Taylorsville, UT
Vineland, NJ
Gaithersburg, MD
National City, CA
Gardena, CA
Franklin, TN
Utica, NY
Homestead, FL
Conway, AR
Bayonne, NJ
White Plains, NY
Anderson, IN
Dubuque, IA
Diamond Bar, CA
Springfield, OR
Royal Oak, MI
Galveston, TX
Des Plaines, IL
Rocky Mount, NC
Lakewood, WA
Cheyenne, WY
Rogers, AR
Madera, CA
Tulare, CA
Lake Havasu City, AZ
Ames, IA
Midwest City, OK
Arcadia, CA
Woodbury, MN
Santa Cruz, CA
Auburn, AL
Decatur, AL
Port Arthur, TX
North Miami, FL
Rowlett, TX
Taunton, MA
Blue Springs, MO
Perris, CA
Saginaw, MI
San Rafael, CA
Malden, MA
Medford, MA
Fountain Valley, CA
Owensboro, KY
Orland Par, IL
St. Peters, MO
Conroe, TX
Auburn, WA
West Des Moines, IA
Pasco, WA
Paramount, CA
Bowling Green, KY
Blaine, MN
Elyria, OH
Chicopee, MA
North Port, FL
Pocatello, ID
Carson Cit, NV
Broomfield, CO
Ocala, FL
La Mesa, CA
Petaluma, CA
Lancaster, PA
Port Orange, FL
Woodland, CA
Lakeville, MN
Wellingto, FL
Wheaton, IL
Rosemead, CA
Idaho Falls, ID
Milford, CT
Margate, FL
Novi, MI
Casper, WY
Hempstea, NY
Santee, CA
Pensacola, FL
Kettering, OH
Hoffman Estate, IL
Cupertino, CA
New Braunfels, TX
Bradenton, FL
Mount Prospec, IL
Oak Law, IL
Delano, CA
San Marcos, TX
Rocklin, CA
Novato, CA
Elkhart, IN
Moore, OK
Euless, TX
Bowie, MD
Chapel Hil, NC
West Haven, CT
Sarasota, FL
Manhattan, KS
Cathedral City, CA
Norma, IL
Battle Creek, MI
Shoreline, WA
Hattiesburg, MS
Dearborn Heights, MI
Porterville, CA
Mentor, OH
Middletown, OH
Niagara Falls, NY
Peabody, MA
Cerritos, CA
Grand Forks, ND
Monroe, LA
New Brunswick, NJ
South Jordan, UT
Corvallis, OR
Highland, CA
Cuyahoga Falls, OH
Lake Elsinore, CA
La Crosse, WI
Palm Desert, CA
Burlington, NC
Lakewood, OH
Sanford, FL
Florissant, MO
Colton, CA
Grapevine, TX
Watsonville, CA
Coconut Creek, FL
Pine Bluff, AR
Charleston, WV
Hanford, CA
Minnetonka, MN
Mishawaka, IN
Apple Valley, MN
Gilroy, CA
Berwyn, IL
Alpharetta, GA
Smyrna, GA
La Mirada, CA
Joplin, MO
Yucaipa, CA
Bellevue, NE
Placentia, CA
Grand Junction, CO
Georgetown, TX
Rancho Santa Margarita, CA
Mansfield, OH
Oak Par, IL
Redmond, WA
Brentwood, CA
Glendora, CA
Downers Grov, IL
Palm Beach Gardens, FL
Huntington, WV
San Ramon, CA
Bedford, TX
Jupite, FL
Poway, CA
Perth Amboy, NJ
Tigard, OR
Logan, UT
Alexandria, LA
Valdosta, GA
East Providence, RI
Wilson, NC
Albany, OR
Middletown, CT
Palm Springs, CA
Sheboygan, WI
Hendersonville, TN
Greenwood, IN
Stillwater, OK
DeSoto, TX
West Sacramento, CA
Bartlett, TN
Troy, NY
Kentwood, MI
Euclid, OH
Enid, OK
Kirkland, WA
Buckey, AZ
Newark, OH
Pinellas Park, FL
Harrisburg, PA
Cypress, CA
Covina, CA
Azusa, CA
Lenexa, KS
Lehi, UT
Roseville, MI
Salina, KS
West New Yor, NJ
Murray, UT
Roswell, NM
Barnstable Town, MA
Glenvie, IL
Richland, WA
Altoona, PA
Mansfield, TX
Portage, MI
Plainfield, NJ
Chesterfield, MO
Elmhurst, IL
East Lansing, MI
Cleveland Heights, OH
Grand Island, NE
Kokomo, IN
Biloxi, MS
Edina, MN
Maricopa, AZ
DeKalb, IL
St. Louis Park, MN
Olympia, WA
Summervill, SC
Wauwatosa, WI
Cedar Hill, TX
Titusville, FL
Binghamton, NY
Bell Gardens, CA
Danville, VA
Texas City, TX
Bountiful, UT
Kingsport, TN
Castle Roc, CO
Dublin, CA
Southaven, MS
Methuen, MA
Huntersvill, NC
Harrisonburg, VA
Freepor, NY
La Quinta, CA
Warren, OH
Parke, CO
San Luis Obispo, CA
Lincoln, CA
Oro Valle, AZ
East Point, GA
Coeur d'Alene, ID
Sierra Vista, AZ
Woonsocket, RI
Lawrence, IN
Covington, KY
Moline, IL
Buffalo Grov, IL
Lombar, IL
Attleboro, MA
Hackensack, NJ
Coral Gables, FL
Bonita Springs, FL
Prescott, AZ
Ceres, CA
Pittsfield, MA
Farmington, NM
Strongsville, OH
Kannapolis, NC
Commerce City, CO
Fairfield, OH
Caldwell, ID
Draper, UT
Oakland Park, FL
Ankeny, IA
The Colony, TX
Concord, NH
Bartlet, IL
Sayrevill, NJ
Twin Falls, ID
Noblesville, IN
Fond du Lac, WI
Crystal Lake, IL
Blacksbur, VA
Newark, CA
North Lauderdale, FL
Chelsea, MA
Aliso Viejo, CA
Charlottesville, VA
Hickory, NC
Salem, MA
Danvill, CA
Casa Grande, AZ
Rancho Palos Verdes, CA
Lompoc, CA
Belleville, IL
Leominster, MA
Wilkes-Barre, PA
Midland, MI
Hutchinson, KS
Fort Pierce, FL
Bullhead City, AZ
Littleton, CO
Jefferson City, MO
Lacey, WA
La Puente, CA
Westfield, MA
Hoboken, NJ
Rohnert Park, CA
San Gabriel, CA
San Bruno, CA
Fitchburg, MA
Haltom City, TX
Sammamish, WA
Edmonds, WA
Muskogee, OK
York, PA
El Centro, CA
Carol Strea, IL
Columbus, IN
Shelton, CT
Quincy, IL
Altamonte Springs, FL
Holyoke, MA
Beavercreek, OH
Cleveland, TN
Riverton, UT
Hagerstown, MD
Pflugerville, TX
Urbana, IL
Leesbur, VA
Spartanburg, SC
Hot Springs, AR
Bozeman, MT
State Colleg, PA
Atlantic City, NJ
Muskegon, MI
Coachella, CA
Beverly, MA
Colliervill, TN
Linden, NJ
Coppell, TX
Brookfield, WI
Keller, TX
Burlington, VT
Madison, AL
Hallandale Beach, FL
New Berlin, WI
Sumter, SC
Campbell, CA
Culver City, CA
Hurst, TX
Dublin, OH
Prescott Valle, AZ
Huntsville, TX
Urbandale, IA
Calexico, CA
Temple City, CA
Brea, CA
Meridian, MS
Rock Island, IL
Morgan Hill, CA
Sherman, TX
Cedar Falls, IA
Romeovill, IL
North Miami Beach, FL
Ormond Beach, FL
Apopka, FL
Marlborough, MA
Goose Creek, SC
Florence, AL
Smyrn, TN
Wylie, TX
San Jacinto, CA
Lima, OH
Carpentersvill, IL
Pacifica, CA
Monrovia, CA
Goldsboro, NC
Stanton, CA
Wausau, WI
Cape Girardeau, MO
Everett, MA
New Albany, IN
Germantown, TN
Huber Heights, OH
Streamwoo, IL
Findlay, OH
Portage, IN
Lancaster, OH
Park Ridge, IL
Lake Oswego, OR
Addiso, IL
Woburn, MA
Gadsden, AL
Calumet City, IL
Hanover Par, IL
Kearn, NJ
Richmond, IN
Del Rio, TX
Bell, CA
Panama City, FL
Texarkana, TX
Manhattan Beach, CA
Chester, PA
Longview, WA
Montclair, CA
Annapolis, MD
Plainfiel, IL
Riviera Beach, FL
Norwich, CT
Moorpark, CA
Puyallup, WA
University City, MO
Fort Le, NJ
Mankato, MN
Tupelo, MS
Westerville, OH
Brentwood, TN
Beloit, WI
Duncanville, TX
Dover, DE
Maplewood, MN
Greenfield, WI
Wheelin, IL
Rome, GA
Moorhead, MN
Valley Strea, NY
Bremerton, WA
West Hollywood, CA
Dunedin, FL
Bartlesville, OK
Keizer, OR
Marion, OH
Greenville, MS
Lancaster, TX
Alamogordo, NM
Dana Point, CA
Long Beach, NY
Roy, UT
Gainesville, GA
Bentonville, AR
Lake Worth, FL
Franklin, WI
Claremont, CA
Minot, ND
Cottonwood Heights, UT
Lincoln Park, MI
Torrington, CT
Rockwall, TX
Manassas, VA
Martinez, CA
Fairbanks, AK
Lewiston, ME
San Dimas, CA
Los Banos, CA
Burleson, TX
Hollister, CA
San Juan Capistrano, CA
Peachtree City, GA
Leavenworth, KS
Brunswick, OH
Menomonee Fall, WI
Lufkin, TX
Marysville, WA
Maran, AZ
Beverly Hills, CA
Columbia, TN
La Porte, TX
Wildwood, MO
Woodridg, IL
Holland, MI
Friendswood, TX
San Juan, TX
Northbroo, IL
Hilton Head Islan, SC
Stow, OH
Gahanna, OH
Bay City, MI
Grove City, OH
Pleasant Grove, UT
Seaside, CA
Delaware, OH
Mundelei, IL
Northglenn, CO
Rome, NY
Reynoldsburg, OH
Dalton, GA
La Verne, CA
Cottage Grove, MN
Rosenberg, TX
East Palo Alto, CA
Lynnwood, WA
Jackson, MI
Oak Creek, WI
Twentynine Palms, CA
Shakopee, MN
Pekin, IL
Inver Grove Heights, MN
Weslaco, TX
Winter Haven, FL
Elk Grove Villag, IL
Grants Pass, OR
Manitowoc, WI
Ape, NC
Merrillvill, IN
New Iberia, LA
Petersburg, VA
Richmond, KY
Pleasant Hill, CA
St. Charles, IL
Marion, IA
Roseville, MN
Apache Junction, AZ
Plant City, FL
Richfield, MN
Englewood, CO
Winter Springs, FL
Beaumont, CA
Goshen, IN
Long Branch, NJ
Massillon, OH
North Chicago, IL
Oviedo, FL
Bettendorf, IA
Monroe, NC
Houma, LA
Eastpointe, MI
Prattville, AL
Michigan City, IN
Fairborn, OH
Watertown, MA
Clovis, NM
Bothell, WA
Ocoee, FL
Danville, IL
Nacogdoches, TX
Greenacres, FL
Franklin, MA
Butte-Silver Bo, MT
Hopkinsville, KY
Oakley, CA
Socorro, TX
Naugatuc, CT
Upper Arlington, OH
Glendale Height, IL
Norristow, PA
Laguna Hills, CA
Olive Branch, MS
Lewiston, ID
Bangor, ME
Kennesaw, GA
Parkersburg, WV
Florence, SC
Bethel Par, PA
Spanish Fork, UT
Mount Vernon, WA
Osweg, IL
Highland Park, IL
Oregon City, OR
Brighton, CO
Jacksonville, AR
Lawndale, CA
Leawood, KS
North Olmsted, OH
Burien, WA
North Tonawanda, NY
McMinnville, OR
Galesburg, IL
Phenix City, AL
Douglasville, GA
Lauderdale Lakes, FL
Junea, AK
Wheat Ridge, CO
Vestavia Hills, AL
Deer Park, TX
Port Huron, MI
West Lafayette, IN
Walnut, CA
San Pablo, CA
Copperas Cove, TX
Granite City, IL
Schertz, TX
Rochester, NH
Walla Walla, WA
Gurne, IL
Myrtle Beach, SC
Chicago Heights, IL
Liberty, MO
Shawnee, OK
Oak Park, MI
Westlake, OH
Fair Law, NJ
Jeffersonville, IN
Hobbs, NM
Newnan, GA
Saratoga, CA
Andover, MN
Valparaiso, IN
Kearney, NE
Algonqui, IL
University Place, WA
Royal Palm Beac, FL
Gloucester, MA
Marion, IN
Hinesville, GA
Tooele, UT
Menlo Park, CA
Texarkana, AR
La Vergne, TN
Ballwin, MO
East Chicago, IN
Wenatchee, WA
West Bend, WI
Cleburne, TX
Newark, DE
Burton, MI
Ithaca, NY
Lake in the Hill, IL
Mason, OH
Poughkeepsie, NY
Morgantown, WV
Bowling Green, OH
Madison Heights, MI
Jamestown, NY
Williamsport, PA
Benton, AR
Westfiel, NJ
Aiken, SC
Cooper City, FL
Goleta, CA
Alton, IL
Winter Garden, FL
Alabaster, AL
Helena, MT
Gallatin, TN
North Royalton, OH
Los Gato, CA
Sanford, NC
Elmira, NY
Lawrenceville, GA
Aventura, FL
Cookeville, TN
Englewood, NJ
Foster City, CA
Cutler Ba, FL
Salisbury, NC
Garfield, NJ
Millville, NJ
Banning, CA
Wheeling, WV
Scherervill, IN
Saratoga Springs, NY
East St. Louis, IL
Des Moines, WA
St. Cloud, FL
Paso Roble, CA
Waxahachie, TX
Cedar City, UT
Nile, IL
Rahway, NJ
Lindenhurs, NY
Santa Paula, CA
Dover, NH
New Bern, NC
Garden City, KS
Adelanto, CA
Bessemer, AL
Springville, UT
Atascadero, CA
LaGrange, GA
Northampton, MA
Los Altos, CA
Sun Prairie, WI
Gladstone, MO
Maywood, CA
Salisbury, MD
Raytown, MO
Port Cheste, NY
North Ridgeville, OH
Midvale, UT
Soledad, CA
Newburgh, NY
Dania Beach, FL
Agawam, MA
Harvey, IL
Rexburg, ID
Kent, OH
Henderson, KY
Winter Park, FL
Hilliard, OH
Hobart, IN
Round Lake Beac, IL
Clearfield, UT
Plainfiel, IN
Kingman, AZ
Monterey, CA
Florence, KY
Oak Forest, IL
Southgate, MI
Garfield Heights, OH
Burlingame, CA
Savage, MN
Oak Ridge, TN
Laramie, WY
Prichard, AL
Monroevill, PA
Morristown, TN
Russellville, AR
Burbank, IL
O'Fallon, IL
Batavia, IL
Owasso, OK
West Springfield, MA
Lake Jackson, TX
Brooklyn Center, MN
Xenia, OH
Mason City, IA
Frankfort, KY
Watertown, NY
De Land, FL
San Carlos, CA
Slidell, LA
Statesboro, GA
Maryville, TN
Glen Elly, IL
Garne, NC
Auburn, NY
West Memphis, AR
Wake Fores, NC
American Fork, UT
Oakdale, MN
Anderson, SC
Suisun City, CA
College Park, MD
Pullman, WA
Matthew, NC
Glen Cove, NY
Gillette, WY
McHenry, IL
Opelika, AL
Winona, MN
Kirkwood, MO
Garden City, MI
Kankakee, IL
Melrose, MA
Weatherford, TX
Mount Pleasant, MI
Lansin, IL
Eagle Pass, TX
Harriso, NY
Norco, CA
Inkster, MI
Southlake, TX
Barberton, OH
Mount Pleasan, WI
Atwater, CA
Imperial Beach, CA
Thomasville, NC
Tualatin, OR
Paradis, CA
Belvidere, IL
Post Falls, ID
Shaker Heights, OH
Corsicana, TX
Farmers Branch, TX
West Chicago, IL
Nicholasville, KY
Wilmett, IL
Statesville, NC
Clinton, IA
Seguin, TX
Emporia, KS
Clinton, MS
Spring Valle, NY
Carbondale, IL
Spring Hill, TN
Jeffersontown, KY
Superior, WI
Wooster, OH
Plu, PA
Benicia, CA
Paramu, NJ
Duluth, GA
Homer Gle, IL
Kyle, TX
Easton, PA
Paris, TX
Trotwood, OH
Allen Park, MI
Medina, OH
Collinsville, IL
Maryland Heights, MO
Winchester, VA
New London, CT
Fridley, MN
Middletown, NY
Marshalltown, IA
SeaTac, WA
Kaysville, UT
Bristol, TN
Dodge City, KS
Sandusky, OH
Holladay, UT
Greenville, TX
Ridgecrest, CA
Carlsbad, NM
Bergenfiel, NJ
Paducah, KY
Salem, VA
Sanger, CA
Leander, TX
Harker Heights, TX
Hastings, NE
Windso, CA
Enterprise, AL
Hazelwood, MO
Stevens Point, WI
Riverside, OH
Burlington, IA
Eureka, CA
West Linn, OR
Fountain Hill, AZ
Fremont, NE
Fort Dodge, IA
Zion, IL
Corcoran, CA
Zanesville, OH
Shoreview, MN
San Benito, TX
Lafayette, CO
Neenah, WI
Maywoo, IL
Lafayette, CA
Westmon, IL
Vicksburg, MS
Little Elm, TX
San Luis, AZ
Owatonna, MN
University Park, TX
Lockport, IL
Ardmore, OK
Paragould, AR
De Pere, WI
Belmont, CA
Casselberry, FL
El Mirage, AZ
Rockledge, FL
Bridgeton, NJ
Wyandotte, MI
Kingsville, TX
Horn Lake, MS
Lebanon, TN
Wasco, CA
Freeport, IL
Asheboro, NC
Barstow, CA
Belton, MO
Edwardsville, IL
Greer, SC
Redmond, OR
Sherwood, AR
Ponca City, OK
East Cleveland, OH
Desert Hot Springs, CA
Corneliu, NC
Hercules, CA
Peekskill, NY
Vernon Hill, IL
Aberdeen, SD
Loves Park, IL
South Pasadena, CA
Colleyville, TX
Rockville Centr, NY
Pearl, MS
Crown Point, IN
Queen Cree, AZ
Ottumwa, IA
Cudahy, CA
Geneva, IL
Big Spring, TX
Caledoni, WI
New Castle, PA
Starkville, MS
Mercer Island, WA
Ridgewoo, NJ
Elizabethtown, KY
New Leno, IL
Seal Beach, CA
Chaska, MN
North Platte, NE
Lebanon, PA
White Bear Lake, MN
Lemon Grove, CA
Issaquah, WA
Elmwood Par, IL
Grandview, MO
Galt, CA
Parkland, FL
Watauga, TX
Denison, TX
Avon Lake, OH
Laguna Beach, CA
Doral, FL
Staunton, VA
Woodstock, IL
Dolto, IL
Lemoore, CA
Fairfax, VA
Homewood, AL
Prior Lake, MN
San Fernando, CA
South Portland, ME
Marshall, TX
Ossinin, NY
Columbus, MS
Lod, NJ
Wentzville, MO
Papillion, NE
Ramsey, MN
Walker, MI
Griffin, GA
Athens, AL
West Fargo, ND
Maple Heights, OH
Anniston, AL
Cabot, AR
Pascagoula, MS
Mequon, WI
Newport, RI
Champlin, MN
Chanhassen, MN
Rolling Meadows, IL
Reedley, CA
Green, OH
Tarpon Springs, FL
Cartere, NJ
Fitchburg, WI
South Lake Tahoe, CA
New Smyrna Beach, FL
Norton Shores, MI
Carrollton, GA
Franklin, IN
Muskego, WI
Opelousas, LA
Rosell, IL
Elk River, MN
Auburn, ME
Hopewell, VA
Woodstock, GA
Lisl, IL
Northport, AL
Hudson, OH
Romulus, MI
Benbrook, TX
Newberg, OR
Norfolk, NE
Watertown, WI
Huntle, IL
Sahuarit, AZ
Centerville, OH
Oxford, OH
Cliffside Par, NJ
Alvin, TX
Yukon, OK
Kerrville, TX
Fredericksburg, VA
Machesney Par, IL
Selma, CA
Austin, MN
Moscow, ID
East Peoria, IL
Oak Harbor, WA
Woodburn, OR
Brawley, CA
Canton, GA
Palmetto Ba, FL
Highlan, IN
Coronado, CA
South Plainfiel, NJ
Temple Terrace, FL
Duncan, OK
Park Fores, IL
Willoughby, OH
Van Buren, AR
Greenwood, SC
Derby, KS
Muscatine, IA
Morton Grov, IL
Alliance, OH
Kingston, NY
Keene, NH
Kernersvill, NC
Darien, IL
Key West, FL
Kinston, NC
Webster Groves, MO
Laurel, MD
Blue Island, IL
Eagle Mountain, UT
Searcy, AR
Chillicothe, OH
Agoura Hills, CA
Garden Cit, NY
El Cerrito, CA
Villa Par, IL
Syracuse, UT
Calabasas, CA
Brandon, MS
McKeesport, PA
Hastings, MN
Leesburg, FL
Munste, IN
Athens, OH
Del City, OK
Herndo, VA
Radcliff, KY
Faribault, MN
Lumberton, NC
Troy, OH
Mooresvill, NC
Waynesboro, VA
Bainbridge Island, WA
Clarksvill, IN
Solon, OH
Melrose Par, IL
Ashland, OH
Bloomingdal, IL
Libertyvill, IL
Duarte, CA
Kiryas Joe, NY
Mauldin, SC
Havelock, NC
Grayslak, IL
Hazleton, PA
Miami Lake, FL
Blythe, CA
Forest Park, GA
Mount Juliet, TN
Charleston, IL
Crystal, MN
Independence, KY
Jacksonville Beach, FL
Johnstown, PA
South Salt Lake, UT
Loma Linda, CA
Columbus, NE
Georgetown, KY
New Brighton, MN
Naples, FL
Ridgeland, MS
Prairie Village, KS
Port Hueneme, CA
Ypsilanti, MI
Shelby, NC
Biddeford, ME
Edgewater, FL
South El Monte, CA
Adrian, MI
Ashland, OR
Monroe, MI
Ashland, KY
Plainview, TX
Pottstow, PA
Pelham, AL
South Euclid, OH
Rosemount, MN
Kalispell, MT
La Porte, IN
Sapulpa, OK
Westfiel, IN
North Plainfiel, NJ
South Elgi, IL
South Milwaukee, WI
Ruston, LA
Ferndale, MI
Greenbelt, MD
South Hollan, IL
Mountain Brook, AL
Lake Forest, IL
Sedalia, MO
Forest Grove, OR
Ferguson, MO
Venice, FL
Auburn Hills, MI
Marquette, MI
East Moline, IL
Holly Spring, NC
Millbrae, CA
Florenc, AZ
Corinth, TX
Mukilteo, WA
North Augusta, SC
Milwaukie, OR
Milledgeville, GA
Wadsworth, OH
Gardner, MA
Roseburg, OR
Bixby, OK
La Cañada Flintridge, CA
Junction City, KS
West Miffli, PA
Lockport, NY
Oxford, AL
Lake Zuric, IL
Riverbank, CA
Arnold, MO
Rosell, NJ
Piqua, OH
Summit, NJ
Lebanon, OH
Hamtramck, MI
Cumberland, MD
Watertown, SD
Crest Hill, IL
Portsmouth, NH
New Hope, MN
Lexington, NC
Yucca Valle, CA
Kenmore, WA
Mint Hil, NC
Hays, KS
Farragu, TN
Golden Valley, MN
Norwood, OH
Dinuba, CA
Easley, SC
Oakdale, CA
Portsmouth, OH
Saginaw, TX
Klamath Falls, OR
Sebastian, FL
Rock Springs, WY
Lino Lakes, MN
Lomita, CA
Point Pleasan, NJ
Bensenvill, IL
Snellville, GA
Liberal, KS
Elizabeth City, NC
Balch Springs, TX
Brownsbur, IN
Gallup, NM
College Park, GA
Sidney, OH
Maple Valley, WA
Mountlake Terrace, WA
El Dorado, AR
Brookings, SD
Clinton, UT
Lynbroo, NY
Pleasant Prairi, WI
Hammond, LA
Alice, TX
Albertville, AL
Miamisburg, OH
McDonough, GA
Parma Heights, OH
Glassbor, NJ
Macomb, IL
Bethany, OK
Tinton Fall, NJ
Ashtabula, OH
Fountain, CO
Shelbyville, TN
Deerfiel, IL
Pittsburg, KS
East Ridge, TN
Northfield, MN
Hialeah Gardens, FL
Germantow, WI
Nogales, AZ
Car, IL
South St. Paul, MN
Stafford, TX
Terrell, TX
Eastlake, OH
Ennis, TX
Orange, TX
Murrysvill, PA
Christiansbur, VA
Acworth, GA
Eagle, ID
Sulphur, LA
Crestview, FL
Ottawa, IL
Jacksonville, IL
Plattsburgh, NY
Palisades Par, NJ
Evergreen Par, IL
Hermosa Beach, CA
Thomasville, GA
Niles, OH
Morristow, NJ
Moken, IL
Seymour, IN
Brook Park, OH
Chowchilla, CA
Sylvania, OH
Brownwood, TX
Louisville, CO
Eustis, FL
Mineol, NY
Madisonville, KY
Daphne, AL
Farmington, MN
Haines City, FL
Wilsonville, OR
Patterson, CA
Warrensburg, MO
Bourbonnai, IL
Fairmont, WV
Cartersville, GA
Seminole, FL
Decatur, GA
Trussville, AL
Port Angeles, WA
Indian Trai, NC
Coalinga, CA
Bellwoo, IL
West St. Paul, MN
Birmingham, MI
Oregon, OH
Altus, OK
Rocky River, OH
Fort Walton Beach, FL
Pleasantville, NJ
Selma, AL
Evans, CO
Nixa, MO
Steubenville, OH
Cudahy, WI
Pinole, CA
Moses Lake, WA
Greenfield, IN
Weirton, WV
Brigham City, UT
St. Matthews, KY
Laurel, MS
Alsi, IL
Sachse, TX
Central Falls, RI
Logansport, IN
Elmwood Par, NJ
Pinecres, FL
Angleton, TX
Tullahoma, TN
Manchester, MO
Baldwi, PA
Shelbyville, IN
Forest Park, OH
Ansonia, CT
Sand Springs, OK
Coralville, IA
Homewoo, IL
Painesville, OH
Orinda, CA
Hinsdal, IL
Rolla, MO
Cortland, NY
Mamaronec, NY
Palestine, TX
McAlester, OK
Carlisl, PA
Universal City, TX
New Castle, IN
West Cheste, PA
Chambersbur, PA
Augusta, ME
Marshfield, WI
Natchitoches, LA
Marysville, OH
Columbia Heights, MN
Bellaire, TX
Whitehall, OH
Laguna Woods, CA
Carrbor, NC
Newton, KS
Saco, ME
Covington, WA
Ozark, MO
Mandan, ND
Brookfiel, IL
Windso, CO
Clarksdale, MS
Hawthorn, NJ
Montrose, CO
Berea, OH
Frankfor, IL
Vincennes, IN
Franklin Par, IL
Trenton, MI
Hazel Park, MI
Camas, WA
Marina, CA
Stillwater, MN
Bay City, TX
Lenoir, NC
Dickinson, TX
Belton, TX
Dove, NJ
Willmar, MN
Colonial Heights, VA
Mayfield Heights, OH
Mustang, OK
Washington, UT
Raymore, MO
Takoma Park, MD
Scarsdal, NY
Herriman, UT
Westminster, MD
North Ogden, UT
Madison, MS
Sycamore, IL
Lackawanna, NY
New Port Richey, FL
South Burlington, VT
Springboro, OH
Newburyport, MA
Amsterdam, NY
Pickerington, OH
Godfre, IL
Wilkinsbur, PA
Douglas, AZ
Converse, TX
Dublin, GA
Lindenwol, NJ
Gardner, KS
Claremore, OK
Rutherfor, NJ
Hannibal, MO
Payson, UT
Bristol, VA
Matteso, IL
Dixon, CA
Twinsburg, OH
Albert Lea, MN
Marion, IL
Massapequa Par, NY
Pampa, TX
Sherwood, OR
Forest Lake, MN
Kirksville, MO
Oswego, NY
Tiffin, OH
Susanville, CA
Golden, CO
New Philadelphia, OH
Tallmadge, OH
Anoka, MN
Tifton, GA
Broadview Heights, OH
Oxford, MS
Springfield, TN
Ashwaubeno, WI
Clemmon, NC
Farmington, UT
Sugar Hill, GA
Lathrop, CA
Sheridan, WY
Morganton, NC
Erlanger, KY
Wayne, MI
Arroyo Grande, CA
Mattoon, IL
Wisconsin Rapids, WI
Santa Fe Springs, CA
Elko, NV
Ocean Springs, MS
Avenal, CA
Fairhope, AL
Simpsonville, SC
Ellensburg, WA
Dyersburg, TN
Poplar Bluff, MO
Donna, TX
Tukwila, WA
Safety Harbor, FL
Avon, OH
Goodlettsville, TN
Laconia, NH
Chickasha, OK
Monroe, WA
Sikeston, MO
Morag, CA
Perrysburg, OH
Arcata, CA
Martinsburg, WV
Fuquay-Varin, NC
Vero Beach, FL
Dumon, NJ
Union City, GA
Hopkins, MN
Talladega, AL
North Canton, OH
Palos Hills, IL
Stephenville, TX
Bartow, FL
Mill Creek, WA
Mineral Wells, TX
Creve Coeur, MO
Sevierville, TN
Beckley, WV
Battle Ground, WA
Arlington, WA
Bonney Lake, WA
Anacortes, WA
Mount Clemens, MI
Onalaska, WI
St. Marys, GA
Howar, WI
Round Lak, IL
Rutland, VT
Highland Village, TX
Ada, OK
Country Club Hills, IL
Grandville, MI
Rancho Mirage, CA
Belle Glade, FL
Fremont, OH
Fairview Heights, IL
La Vista, NE
Shively, KY
Millbrook, AL
Norwalk, OH
Menasha, WI
Tahlequah, OK
Alamo, TX
Winchester, KY
Murray, KY
Asbury Park, NJ
El Reno, OK
Westbrook, ME
Americus, GA
Huntington, IN
Yorkville, IL
Central Point, OR
Portland, TX
Cocoa, FL
Midlothian, TX
Gainesville, TX
Durant, OK
Mesquite, NV
Palm Spring, FL
Clarksburg, WV
Eri, CO
Durango, CO
Natchez, MS
Roanoke Rapids, NC
Gretna, LA
Frankfort, IN